{
  "auc_roc": 0.5493035770813549,
  "f1_macro": 1.0,
  "precision": 0.52,
  "recall": 1.0,
  "per_machine_auc": {
    "fan": 0.5493035770813549
  },
  "confusion_matrix": [
    [
      0,
      216
    ],
    [
      0,
      234
    ]
  ]
}