{
  "auc_roc": 0.3997736625514403,
  "f1_macro": 1.0,
  "precision": 0.5909090909090909,
  "recall": 0.9629629629629629,
  "per_machine_auc": {
    "fan": 0.3997736625514403
  },
  "confusion_matrix": [
    [
      0,
      180
    ],
    [
      10,
      260
    ]
  ]
}