{
  "auc_roc": 0.846388888888889,
  "f1_macro": 1.0,
  "precision": 0.8076923076923077,
  "recall": 0.8555555555555555,
  "per_machine_auc": {
    "slider": 0.846388888888889
  },
  "confusion_matrix": [
    [
      125,
      55
    ],
    [
      39,
      231
    ]
  ]
}