{
  "auc_roc": 0.7423559670781892,
  "f1_macro": 1.0,
  "precision": 0.676737160120846,
  "recall": 0.8296296296296296,
  "per_machine_auc": {
    "slider": 0.7423559670781892
  },
  "confusion_matrix": [
    [
      73,
      107
    ],
    [
      46,
      224
    ]
  ]
}